1,2aa32576828f, floating-point-operation-sine.1.ffco3a70gkdo52ff6wu3i9tnh,101.02,9.69,3.87,,,101.41,8.61
1,2aa32576828f, floating-point-operation-sine.1.ffco3a70gkdo52ff6wu3i9tnh,101.06,17.93,3.87,,,101.27,18.13
1,2aa32576828f, floating-point-operation-sine.1.ffco3a70gkdo52ff6wu3i9tnh,100.5,22.43,3.87,,,101.03,23.6
2,2aa32576828f, floating-point-operation-sine.1.ffco3a70gkdo52ff6wu3i9tnh,183.68,14.12,3.87,,,184.78,13.15
2,2aa32576828f, floating-point-operation-sine.1.ffco3a70gkdo52ff6wu3i9tnh,183.06,21.68,3.87,,,184.28,21.84
2,2aa32576828f, floating-point-operation-sine.1.ffco3a70gkdo52ff6wu3i9tnh,183.95,26.23,3.87,,,184.2,27.23
3,2aa32576828f, floating-point-operation-sine.1.ffco3a70gkdo52ff6wu3i9tnh,252.52,17.44,3.87,,,255.32,16.9
3,2aa32576828f, floating-point-operation-sine.1.ffco3a70gkdo52ff6wu3i9tnh,252.85,24.91,3.87,,,253.87,25.26
3,2aa32576828f, floating-point-operation-sine.1.ffco3a70gkdo52ff6wu3i9tnh,253.81,29.51,3.87,,,255,30.62
4,2aa32576828f, floating-point-operation-sine.1.ffco3a70gkdo52ff6wu3i9tnh,328.29,21.17,3.87,,,336.97,21.65
4,2aa32576828f, floating-point-operation-sine.1.ffco3a70gkdo52ff6wu3i9tnh,327.43,28.57,3.87,,,335.09,29.23
4,2aa32576828f, floating-point-operation-sine.1.ffco3a70gkdo52ff6wu3i9tnh,328.27,33.11,3.87,,,333.34,34.72
5,2aa32576828f, floating-point-operation-sine.1.ffco3a70gkdo52ff6wu3i9tnh,337.84,24.65,3.87,,,350.92,26.01
5,2aa32576828f, floating-point-operation-sine.1.ffco3a70gkdo52ff6wu3i9tnh,338.61,32.12,3.87,,,350.07,33.52
5,2aa32576828f, floating-point-operation-sine.1.ffco3a70gkdo52ff6wu3i9tnh,340.11,36.75,3.87,,,347.13,38.73
6,2aa32576828f, floating-point-operation-sine.1.ffco3a70gkdo52ff6wu3i9tnh,304.4,26.68,3.87,,,327.41,29.45
6,2aa32576828f, floating-point-operation-sine.1.ffco3a70gkdo52ff6wu3i9tnh,308.82,34.17,3.87,,,321.52,36.12
6,2aa32576828f, floating-point-operation-sine.1.ffco3a70gkdo52ff6wu3i9tnh,310.11,38.81,3.87,,,323.97,41.63
7,2aa32576828f, floating-point-operation-sine.1.ffco3a70gkdo52ff6wu3i9tnh,337.62,32.31,3.87,,,350.59,33.89
7,2aa32576828f, floating-point-operation-sine.1.ffco3a70gkdo52ff6wu3i9tnh,335.18,38.17,3.87,,,347.87,40.23
7,2aa32576828f, floating-point-operation-sine.1.ffco3a70gkdo52ff6wu3i9tnh,340.78,43.28,3.87,,,348.49,45.89
8,2aa32576828f, floating-point-operation-sine.1.ffco3a70gkdo52ff6wu3i9tnh,329.71,35.69,3.87,,,336.5,36.76
8,2aa32576828f, floating-point-operation-sine.1.ffco3a70gkdo52ff6wu3i9tnh,328.33,41.33,3.87,,,336.26,43.02
8,2aa32576828f, floating-point-operation-sine.1.ffco3a70gkdo52ff6wu3i9tnh,327.33,45.43,3.87,,,336.55,48.71
9,2aa32576828f, floating-point-operation-sine.1.ffco3a70gkdo52ff6wu3i9tnh,307.06,38.5,3.87,,,321.66,41.17
9,2aa32576828f, floating-point-operation-sine.1.ffco3a70gkdo52ff6wu3i9tnh,306.81,43.53,3.87,,,317.84,47.13
9,2aa32576828f, floating-point-operation-sine.1.ffco3a70gkdo52ff6wu3i9tnh,304.22,47.97,3.87,,,320.07,52.18
10,2aa32576828f, floating-point-operation-sine.1.ffco3a70gkdo52ff6wu3i9tnh,339.87,44.75,3.87,,,349.41,47.26
10,2aa32576828f, floating-point-operation-sine.1.ffco3a70gkdo52ff6wu3i9tnh,340.02,49.76,3.87,,,345.59,52.41
10,2aa32576828f, floating-point-operation-sine.1.ffco3a70gkdo52ff6wu3i9tnh,339.99,54.34,3.87,,,345.54,57.66
11,2aa32576828f, floating-point-operation-sine.1.ffco3a70gkdo52ff6wu3i9tnh,339.58,45.57,3.87,,,349.25,49.01
11,2aa32576828f, floating-point-operation-sine.1.ffco3a70gkdo52ff6wu3i9tnh,337.41,50.56,3.87,,,348.16,53.96
11,2aa32576828f, floating-point-operation-sine.1.ffco3a70gkdo52ff6wu3i9tnh,340.59,55.44,3.87,,,347.98,59.41
12,2aa32576828f, floating-point-operation-sine.1.ffco3a70gkdo52ff6wu3i9tnh,337.7,47.43,3.87,,,348.88,49.61
12,2aa32576828f, floating-point-operation-sine.1.ffco3a70gkdo52ff6wu3i9tnh,340.16,52.64,3.87,,,348.51,56.14
12,2aa32576828f, floating-point-operation-sine.1.ffco3a70gkdo52ff6wu3i9tnh,339.96,56.99,3.87,,,346.92,60.71
13,2aa32576828f, floating-point-operation-sine.1.ffco3a70gkdo52ff6wu3i9tnh,338.82,50.34,3.87,,,348.84,53.11
13,2aa32576828f, floating-point-operation-sine.1.ffco3a70gkdo52ff6wu3i9tnh,336.62,54.5,3.87,,,346.73,58.33
13,2aa32576828f, floating-point-operation-sine.1.ffco3a70gkdo52ff6wu3i9tnh,335.99,59.36,3.87,,,348.07,63.95
14,2aa32576828f, floating-point-operation-sine.1.ffco3a70gkdo52ff6wu3i9tnh,341.06,54.19,3.87,,,350.7,56.79
14,2aa32576828f, floating-point-operation-sine.1.ffco3a70gkdo52ff6wu3i9tnh,339.12,58.02,3.87,,,348.28,62.26
14,2aa32576828f, floating-point-operation-sine.1.ffco3a70gkdo52ff6wu3i9tnh,338.52,62.83,3.87,,,347.75,67.39
15,2aa32576828f, floating-point-operation-sine.1.ffco3a70gkdo52ff6wu3i9tnh,339.72,57.78,3.87,,,349.99,60.88
15,2aa32576828f, floating-point-operation-sine.1.ffco3a70gkdo52ff6wu3i9tnh,339.71,62.49,3.87,,,348.34,66.16
15,2aa32576828f, floating-point-operation-sine.1.ffco3a70gkdo52ff6wu3i9tnh,339.04,66.71,3.87,,,345.58,71.38
16,2aa32576828f, floating-point-operation-sine.1.ffco3a70gkdo52ff6wu3i9tnh,325.93,60.25,3.87,,,337.91,66.17
16,2aa32576828f, floating-point-operation-sine.1.ffco3a70gkdo52ff6wu3i9tnh,328.66,65.51,3.87,,,336.83,73
16,2aa32576828f, floating-point-operation-sine.1.ffco3a70gkdo52ff6wu3i9tnh,329.43,70.06,3.87,,,334.48,75.73
17,2aa32576828f, floating-point-operation-sine.1.ffco3a70gkdo52ff6wu3i9tnh,318.04,64.47,3.87,,,329.17,70.71
17,2aa32576828f, floating-point-operation-sine.1.ffco3a70gkdo52ff6wu3i9tnh,315.3,69.44,3.87,,,327.72,75.82
17,2aa32576828f, floating-point-operation-sine.1.ffco3a70gkdo52ff6wu3i9tnh,318.55,73.6,3.87,,,326.1,80.53
18,2aa32576828f, floating-point-operation-sine.1.ffco3a70gkdo52ff6wu3i9tnh,306.13,67.64,3.87,,,323.41,73.83
18,2aa32576828f, floating-point-operation-sine.1.ffco3a70gkdo52ff6wu3i9tnh,307.62,72.02,3.87,,,316.95,79.18
18,2aa32576828f, floating-point-operation-sine.1.ffco3a70gkdo52ff6wu3i9tnh,308.14,76.89,3.87,,,315.64,83.96
19,2aa32576828f, floating-point-operation-sine.1.ffco3a70gkdo52ff6wu3i9tnh,338.79,79.42,3.87,,,346.86,85.38
19,2aa32576828f, floating-point-operation-sine.1.ffco3a70gkdo52ff6wu3i9tnh,335.56,83.52,3.87,,,346.98,91.05
19,2aa32576828f, floating-point-operation-sine.1.ffco3a70gkdo52ff6wu3i9tnh,340.23,89.01,3.87,,,345.92,96.77
20,2aa32576828f, floating-point-operation-sine.1.ffco3a70gkdo52ff6wu3i9tnh,339.19,80.03,3.87,,,346.73,85.11
20,2aa32576828f, floating-point-operation-sine.1.ffco3a70gkdo52ff6wu3i9tnh,340.24,84.11,3.87,,,345.51,91.37
20,2aa32576828f, floating-point-operation-sine.1.ffco3a70gkdo52ff6wu3i9tnh,339.79,89.35,3.87,,,346.42,96.84
