[2J[HOK,5,1,a6328ba12dc1, sentiment-analysis.1.rkudx6e81jkajuuriigx8enx6, 0.05%, 48.84MiB / 3.871GiB, 1.23%, 20MB / 577kB, 72.2MB / 0B
[2J[HOK,5,1,a6328ba12dc1, sentiment-analysis.1.rkudx6e81jkajuuriigx8enx6, 0.05%, 48.84MiB / 3.871GiB, 1.23%, 20MB / 577kB, 72.2MB / 0B
[2J[HOK,5,1,a6328ba12dc1, sentiment-analysis.1.rkudx6e81jkajuuriigx8enx6, 75.06%, 74.79MiB / 3.871GiB, 1.89%, 20MB / 577kB, 72.2MB / 0B
[2J[HOK,5,1,a6328ba12dc1, sentiment-analysis.1.rkudx6e81jkajuuriigx8enx6, 75.06%, 74.79MiB / 3.871GiB, 1.89%, 20MB / 577kB, 72.2MB / 0B
[2J[HOK,5,1,a6328ba12dc1, sentiment-analysis.1.rkudx6e81jkajuuriigx8enx6, 97.14%, 82.61MiB / 3.871GiB, 2.08%, 20MB / 580kB, 72.2MB / 0B
[2J[HOK,5,1,a6328ba12dc1, sentiment-analysis.1.rkudx6e81jkajuuriigx8enx6, 97.14%, 82.61MiB / 3.871GiB, 2.08%, 20MB / 580kB, 72.2MB / 0B
[2J[HOK,5,1,a6328ba12dc1, sentiment-analysis.1.rkudx6e81jkajuuriigx8enx6, 97.98%, 90.98MiB / 3.871GiB, 2.30%, 20MB / 580kB, 72.2MB / 0B
[2J[HOK,5,1,a6328ba12dc1, sentiment-analysis.1.rkudx6e81jkajuuriigx8enx6, 97.98%, 90.98MiB / 3.871GiB, 2.30%, 20MB / 580kB, 72.2MB / 0B
[2J[HOK,5,1,a6328ba12dc1, sentiment-analysis.1.rkudx6e81jkajuuriigx8enx6, 99.21%, 98.02MiB / 3.871GiB, 2.47%, 20MB / 580kB, 72.2MB / 0B
[2J[HOK,5,1,a6328ba12dc1, sentiment-analysis.1.rkudx6e81jkajuuriigx8enx6, 99.21%, 98.02MiB / 3.871GiB, 2.47%, 20MB / 580kB, 72.2MB / 0B
[2J[HOK,5,1,a6328ba12dc1, sentiment-analysis.1.rkudx6e81jkajuuriigx8enx6, 104.05%, 104.7MiB / 3.871GiB, 2.64%, 20MB / 580kB, 72.2MB / 0B
[2J[HOK,5,1,a6328ba12dc1, sentiment-analysis.1.rkudx6e81jkajuuriigx8enx6, 104.05%, 104.7MiB / 3.871GiB, 2.64%, 20MB / 580kB, 72.2MB / 0B
[2J[HOK,5,1,a6328ba12dc1, sentiment-analysis.1.rkudx6e81jkajuuriigx8enx6, 100.01%, 94.04MiB / 3.871GiB, 2.37%, 20MB / 580kB, 72.2MB / 0B
[2J[HOK,5,1,a6328ba12dc1, sentiment-analysis.1.rkudx6e81jkajuuriigx8enx6, 100.01%, 94.04MiB / 3.871GiB, 2.37%, 20MB / 580kB, 72.2MB / 0B
[2J[HOK,5,1,a6328ba12dc1, sentiment-analysis.1.rkudx6e81jkajuuriigx8enx6, 180.89%, 103.5MiB / 3.871GiB, 2.61%, 20MB / 581kB, 72.2MB / 0B
[2J[HOK,5,1,a6328ba12dc1, sentiment-analysis.1.rkudx6e81jkajuuriigx8enx6, 180.89%, 103.5MiB / 3.871GiB, 2.61%, 20MB / 581kB, 72.2MB / 0B
[2J[HOK,5,1,a6328ba12dc1, sentiment-analysis.1.rkudx6e81jkajuuriigx8enx6, 189.64%, 117.1MiB / 3.871GiB, 2.95%, 20.2MB / 586kB, 72.2MB / 0B
[2J[HOK,5,1,a6328ba12dc1, sentiment-analysis.1.rkudx6e81jkajuuriigx8enx6, 189.64%, 117.1MiB / 3.871GiB, 2.95%, 20.2MB / 586kB, 72.2MB / 0B
[2J[HOK,5,1,a6328ba12dc1, sentiment-analysis.1.rkudx6e81jkajuuriigx8enx6, 199.08%, 133.2MiB / 3.871GiB, 3.36%, 20.2MB / 586kB, 72.2MB / 0B
[2J[HOK,5,1,a6328ba12dc1, sentiment-analysis.1.rkudx6e81jkajuuriigx8enx6, 199.08%, 133.2MiB / 3.871GiB, 3.36%, 20.2MB / 586kB, 72.2MB / 0B
[2J[HOK,5,1,a6328ba12dc1, sentiment-analysis.1.rkudx6e81jkajuuriigx8enx6, 345.12%, 200.3MiB / 3.871GiB, 5.05%, 20.2MB / 587kB, 72.2MB / 0B
[2J[HOK,5,1,a6328ba12dc1, sentiment-analysis.1.rkudx6e81jkajuuriigx8enx6, 345.12%, 200.3MiB / 3.871GiB, 5.05%, 20.2MB / 587kB, 72.2MB / 0B
[2J[HOK,5,1,a6328ba12dc1, sentiment-analysis.1.rkudx6e81jkajuuriigx8enx6, 371.07%, 245.5MiB / 3.871GiB, 6.19%, 20.4MB / 596kB, 72.2MB / 0B
[2J[HOK,5,1,a6328ba12dc1, sentiment-analysis.1.rkudx6e81jkajuuriigx8enx6, 371.07%, 245.5MiB / 3.871GiB, 6.19%, 20.4MB / 596kB, 72.2MB / 0B
[2J[HOK,5,1,a6328ba12dc1, sentiment-analysis.1.rkudx6e81jkajuuriigx8enx6, 393.55%, 276.9MiB / 3.871GiB, 6.99%, 20.4MB / 596kB, 72.2MB / 0B
[2J[HOK,5,1,a6328ba12dc1, sentiment-analysis.1.rkudx6e81jkajuuriigx8enx6, 393.55%, 276.9MiB / 3.871GiB, 6.99%, 20.4MB / 596kB, 72.2MB / 0B
[2J[HOK,5,1,a6328ba12dc1, sentiment-analysis.1.rkudx6e81jkajuuriigx8enx6, 392.93%, 294.5MiB / 3.871GiB, 7.43%, 20.4MB / 596kB, 72.2MB / 0B
[2J[HOK,5,1,a6328ba12dc1, sentiment-analysis.1.rkudx6e81jkajuuriigx8enx6, 392.93%, 294.5MiB / 3.871GiB, 7.43%, 20.4MB / 596kB, 72.2MB / 0B
[2J[HOK,5,1,a6328ba12dc1, sentiment-analysis.1.rkudx6e81jkajuuriigx8enx6, 374.78%, 206.1MiB / 3.871GiB, 5.20%, 20.4MB / 597kB, 72.2MB / 0B
[2J[HOK,5,1,a6328ba12dc1, sentiment-analysis.1.rkudx6e81jkajuuriigx8enx6, 374.78%, 206.1MiB / 3.871GiB, 5.20%, 20.4MB / 597kB, 72.2MB / 0B
[2J[HOK,5,1,a6328ba12dc1, sentiment-analysis.1.rkudx6e81jkajuuriigx8enx6, 391.97%, 252.1MiB / 3.871GiB, 6.36%, 20.4MB / 600kB, 72.2MB / 0B
[2J[HOK,5,1,a6328ba12dc1, sentiment-analysis.1.rkudx6e81jkajuuriigx8enx6, 391.97%, 252.1MiB / 3.871GiB, 6.36%, 20.4MB / 600kB, 72.2MB / 0B
[2J[HOK,5,1,a6328ba12dc1, sentiment-analysis.1.rkudx6e81jkajuuriigx8enx6, 390.48%, 287.7MiB / 3.871GiB, 7.26%, 20.5MB / 603kB, 72.2MB / 0B
[2J[HOK,5,1,a6328ba12dc1, sentiment-analysis.1.rkudx6e81jkajuuriigx8enx6, 390.48%, 287.7MiB / 3.871GiB, 7.26%, 20.5MB / 603kB, 72.2MB / 0B
[2J[HOK,5,1,a6328ba12dc1, sentiment-analysis.1.rkudx6e81jkajuuriigx8enx6, 380.50%, 250.9MiB / 3.871GiB, 6.33%, 20.5MB / 604kB, 72.2MB / 0B
[2J[HOK,5,1,a6328ba12dc1, sentiment-analysis.1.rkudx6e81jkajuuriigx8enx6, 380.50%, 250.9MiB / 3.871GiB, 6.33%, 20.5MB / 604kB, 72.2MB / 0B
[2J[HOK,5,1,a6328ba12dc1, sentiment-analysis.1.rkudx6e81jkajuuriigx8enx6, 358.30%, 163.5MiB / 3.871GiB, 4.12%, 20.5MB / 605kB, 72.2MB / 0B
[2J[HOK,5,1,a6328ba12dc1, sentiment-analysis.1.rkudx6e81jkajuuriigx8enx6, 358.30%, 163.5MiB / 3.871GiB, 4.12%, 20.5MB / 605kB, 72.2MB / 0B
[2J[HOK,5,1,a6328ba12dc1, sentiment-analysis.1.rkudx6e81jkajuuriigx8enx6, 342.72%, 207.3MiB / 3.871GiB, 5.23%, 20.6MB / 608kB, 72.2MB / 0B
[2J[HOK,5,1,a6328ba12dc1, sentiment-analysis.1.rkudx6e81jkajuuriigx8enx6, 342.72%, 207.3MiB / 3.871GiB, 5.23%, 20.6MB / 608kB, 72.2MB / 0B
[2J[HOK,5,1,a6328ba12dc1, sentiment-analysis.1.rkudx6e81jkajuuriigx8enx6, 388.37%, 255.5MiB / 3.871GiB, 6.44%, 20.6MB / 611kB, 72.2MB / 0B
[2J[HOK,5,1,a6328ba12dc1, sentiment-analysis.1.rkudx6e81jkajuuriigx8enx6, 388.37%, 255.5MiB / 3.871GiB, 6.44%, 20.6MB / 611kB, 72.2MB / 0B
[2J[HOK,5,1,a6328ba12dc1, sentiment-analysis.1.rkudx6e81jkajuuriigx8enx6, 378.77%, 283.9MiB / 3.871GiB, 7.16%, 20.7MB / 614kB, 72.2MB / 0B
[2J[HOK,5,1,a6328ba12dc1, sentiment-analysis.1.rkudx6e81jkajuuriigx8enx6, 378.77%, 283.9MiB / 3.871GiB, 7.16%, 20.7MB / 614kB, 72.2MB / 0B
[2J[HOK,5,1,a6328ba12dc1, sentiment-analysis.1.rkudx6e81jkajuuriigx8enx6, 392.78%, 196.5MiB / 3.871GiB, 4.96%, 20.7MB / 615kB, 72.2MB / 0B
[2J[HOK,5,1,a6328ba12dc1, sentiment-analysis.1.rkudx6e81jkajuuriigx8enx6, 392.78%, 196.5MiB / 3.871GiB, 4.96%, 20.7MB / 615kB, 72.2MB / 0B
[2J[HOK,5,1,a6328ba12dc1, sentiment-analysis.1.rkudx6e81jkajuuriigx8enx6, 392.94%, 240.4MiB / 3.871GiB, 6.06%, 20.7MB / 615kB, 72.2MB / 0B
[2J[HOK,5,1,a6328ba12dc1, sentiment-analysis.1.rkudx6e81jkajuuriigx8enx6, 392.94%, 240.4MiB / 3.871GiB, 6.06%, 20.7MB / 615kB, 72.2MB / 0B
[2J[HOK,5,1,a6328ba12dc1, sentiment-analysis.1.rkudx6e81jkajuuriigx8enx6, 377.33%, 271MiB / 3.871GiB, 6.84%, 20.9MB / 621kB, 72.2MB / 0B
[2J[HOK,5,1,a6328ba12dc1, sentiment-analysis.1.rkudx6e81jkajuuriigx8enx6, 377.33%, 271MiB / 3.871GiB, 6.84%, 20.9MB / 621kB, 72.2MB / 0B
[2J[HOK,5,1,a6328ba12dc1, sentiment-analysis.1.rkudx6e81jkajuuriigx8enx6, 383.94%, 297.3MiB / 3.871GiB, 7.50%, 20.9MB / 621kB, 72.2MB / 0B
[2J[HOK,5,1,a6328ba12dc1, sentiment-analysis.1.rkudx6e81jkajuuriigx8enx6, 383.94%, 297.3MiB / 3.871GiB, 7.50%, 20.9MB / 621kB, 72.2MB / 0B
[2J[HOK,5,1,a6328ba12dc1, sentiment-analysis.1.rkudx6e81jkajuuriigx8enx6, 392.22%, 232.5MiB / 3.871GiB, 5.87%, 20.9MB / 622kB, 72.2MB / 0B
[2J[HOK,5,1,a6328ba12dc1, sentiment-analysis.1.rkudx6e81jkajuuriigx8enx6, 392.22%, 232.5MiB / 3.871GiB, 5.87%, 20.9MB / 622kB, 72.2MB / 0B
[2J[HOK,5,1,a6328ba12dc1, sentiment-analysis.1.rkudx6e81jkajuuriigx8enx6, 377.47%, 179MiB / 3.871GiB, 4.52%, 20.9MB / 623kB, 72.2MB / 0B
[2J[HOK,5,1,a6328ba12dc1, sentiment-analysis.1.rkudx6e81jkajuuriigx8enx6, 377.47%, 179MiB / 3.871GiB, 4.52%, 20.9MB / 623kB, 72.2MB / 0B
[2J[HOK,5,1,a6328ba12dc1, sentiment-analysis.1.rkudx6e81jkajuuriigx8enx6, 390.70%, 241.2MiB / 3.871GiB, 6.09%, 21MB / 629kB, 72.2MB / 0B
[2J[HOK,5,1,a6328ba12dc1, sentiment-analysis.1.rkudx6e81jkajuuriigx8enx6, 390.70%, 241.2MiB / 3.871GiB, 6.09%, 21MB / 629kB, 72.2MB / 0B
[2J[HOK,5,1,a6328ba12dc1, sentiment-analysis.1.rkudx6e81jkajuuriigx8enx6, 391.82%, 271.5MiB / 3.871GiB, 6.85%, 21.1MB / 632kB, 72.2MB / 0B
[2J[HOK,5,1,a6328ba12dc1, sentiment-analysis.1.rkudx6e81jkajuuriigx8enx6, 391.82%, 271.5MiB / 3.871GiB, 6.85%, 21.1MB / 632kB, 72.2MB / 0B
[2J[HOK,5,1,a6328ba12dc1, sentiment-analysis.1.rkudx6e81jkajuuriigx8enx6, 382.36%, 181.6MiB / 3.871GiB, 4.58%, 21.1MB / 632kB, 72.2MB / 0B
[2J[HOK,5,1,a6328ba12dc1, sentiment-analysis.1.rkudx6e81jkajuuriigx8enx6, 382.36%, 181.6MiB / 3.871GiB, 4.58%, 21.1MB / 632kB, 72.2MB / 0B
[2J[HOK,5,1,a6328ba12dc1, sentiment-analysis.1.rkudx6e81jkajuuriigx8enx6, 380.14%, 230.9MiB / 3.871GiB, 5.83%, 21.1MB / 634kB, 72.2MB / 0B
[2J[HOK,5,1,a6328ba12dc1, sentiment-analysis.1.rkudx6e81jkajuuriigx8enx6, 380.14%, 230.9MiB / 3.871GiB, 5.83%, 21.1MB / 634kB, 72.2MB / 0B
[2J[HOK,5,1,a6328ba12dc1, sentiment-analysis.1.rkudx6e81jkajuuriigx8enx6, 394.93%, 258.2MiB / 3.871GiB, 6.51%, 21.2MB / 639kB, 72.2MB / 0B
[2J[HOK,5,1,a6328ba12dc1, sentiment-analysis.1.rkudx6e81jkajuuriigx8enx6, 394.93%, 258.2MiB / 3.871GiB, 6.51%, 21.2MB / 639kB, 72.2MB / 0B
[2J[HOK,5,1,a6328ba12dc1, sentiment-analysis.1.rkudx6e81jkajuuriigx8enx6, 392.09%, 287.9MiB / 3.871GiB, 7.26%, 21.2MB / 639kB, 72.2MB / 0B
[2J[HOK,5,1,a6328ba12dc1, sentiment-analysis.1.rkudx6e81jkajuuriigx8enx6, 392.09%, 287.9MiB / 3.871GiB, 7.26%, 21.2MB / 639kB, 72.2MB / 0B
[2J[HOK,5,1,a6328ba12dc1, sentiment-analysis.1.rkudx6e81jkajuuriigx8enx6, 384.95%, 308.2MiB / 3.871GiB, 7.77%, 21.2MB / 639kB, 72.2MB / 0B
[2J[HOK,5,1,a6328ba12dc1, sentiment-analysis.1.rkudx6e81jkajuuriigx8enx6, 384.95%, 308.2MiB / 3.871GiB, 7.77%, 21.2MB / 639kB, 72.2MB / 0B
[2J[HOK,5,1,a6328ba12dc1, sentiment-analysis.1.rkudx6e81jkajuuriigx8enx6, 382.61%, 217.3MiB / 3.871GiB, 5.48%, 21.2MB / 640kB, 72.2MB / 0B
[2J[HOK,5,1,a6328ba12dc1, sentiment-analysis.1.rkudx6e81jkajuuriigx8enx6, 382.61%, 217.3MiB / 3.871GiB, 5.48%, 21.2MB / 640kB, 72.2MB / 0B
[2J[HOK,5,1,a6328ba12dc1, sentiment-analysis.1.rkudx6e81jkajuuriigx8enx6, 389.17%, 204.5MiB / 3.871GiB, 5.16%, 21.3MB / 643kB, 72.2MB / 0B
[2J[HOK,5,1,a6328ba12dc1, sentiment-analysis.1.rkudx6e81jkajuuriigx8enx6, 389.17%, 204.5MiB / 3.871GiB, 5.16%, 21.3MB / 643kB, 72.2MB / 0B
[2J[HOK,5,1,a6328ba12dc1, sentiment-analysis.1.rkudx6e81jkajuuriigx8enx6, 374.46%, 236.7MiB / 3.871GiB, 5.97%, 21.3MB / 646kB, 72.2MB / 0B
[2J[HOK,5,1,a6328ba12dc1, sentiment-analysis.1.rkudx6e81jkajuuriigx8enx6, 374.46%, 236.7MiB / 3.871GiB, 5.97%, 21.3MB / 646kB, 72.2MB / 0B
[2J[HOK,5,1,a6328ba12dc1, sentiment-analysis.1.rkudx6e81jkajuuriigx8enx6, 369.53%, 175MiB / 3.871GiB, 4.42%, 21.3MB / 647kB, 72.2MB / 0B
[2J[HOK,5,1,a6328ba12dc1, sentiment-analysis.1.rkudx6e81jkajuuriigx8enx6, 369.53%, 175MiB / 3.871GiB, 4.42%, 21.3MB / 647kB, 72.2MB / 0B
[2J[HOK,5,1,a6328ba12dc1, sentiment-analysis.1.rkudx6e81jkajuuriigx8enx6, 204.95%, 144.4MiB / 3.871GiB, 3.64%, 21.3MB / 647kB, 72.2MB / 0B
[2J[HOK,5,1,a6328ba12dc1, sentiment-analysis.1.rkudx6e81jkajuuriigx8enx6, 204.95%, 144.4MiB / 3.871GiB, 3.64%, 21.3MB / 647kB, 72.2MB / 0B
[2J[HOK,5,1,a6328ba12dc1, sentiment-analysis.1.rkudx6e81jkajuuriigx8enx6, 201.38%, 156.9MiB / 3.871GiB, 3.96%, 21.3MB / 647kB, 72.2MB / 0B
[2J[HOK,5,1,a6328ba12dc1, sentiment-analysis.1.rkudx6e81jkajuuriigx8enx6, 201.38%, 156.9MiB / 3.871GiB, 3.96%, 21.3MB / 647kB, 72.2MB / 0B
[2J[HOK,5,1,a6328ba12dc1, sentiment-analysis.1.rkudx6e81jkajuuriigx8enx6, 199.39%, 153.6MiB / 3.871GiB, 3.87%, 21.3MB / 647kB, 72.2MB / 0B
[2J[HOK,5,1,a6328ba12dc1, sentiment-analysis.1.rkudx6e81jkajuuriigx8enx6, 199.39%, 153.6MiB / 3.871GiB, 3.87%, 21.3MB / 647kB, 72.2MB / 0B
