[2J[HOK,7,3,810c82617bf3, sentiment-analysis.1.j4k96m4u24np4a7t1zork72q5, 0.63%, 60.51MiB / 3.703GiB, 1.60%, 79.6MB / 3.89MB, 5.56MB / 0B
[2J[HOK,7,3,810c82617bf3, sentiment-analysis.1.j4k96m4u24np4a7t1zork72q5, 0.63%, 60.51MiB / 3.703GiB, 1.60%, 79.6MB / 3.89MB, 5.56MB / 0B
[2J[HOK,7,3,810c82617bf3, sentiment-analysis.1.j4k96m4u24np4a7t1zork72q5, 99.65%, 68.01MiB / 3.703GiB, 1.79%, 79.6MB / 3.89MB, 5.56MB / 0B
[2J[HOK,7,3,810c82617bf3, sentiment-analysis.1.j4k96m4u24np4a7t1zork72q5, 99.65%, 68.01MiB / 3.703GiB, 1.79%, 79.6MB / 3.89MB, 5.56MB / 0B
[2J[HOK,7,3,810c82617bf3, sentiment-analysis.1.j4k96m4u24np4a7t1zork72q5, 104.71%, 74.52MiB / 3.703GiB, 1.97%, 79.6MB / 3.89MB, 5.56MB / 0B
[2J[HOK,7,3,810c82617bf3, sentiment-analysis.1.j4k96m4u24np4a7t1zork72q5, 104.71%, 74.52MiB / 3.703GiB, 1.97%, 79.6MB / 3.89MB, 5.56MB / 0B
[2J[HOK,7,3,810c82617bf3, sentiment-analysis.1.j4k96m4u24np4a7t1zork72q5, 100.49%, 82.39MiB / 3.703GiB, 2.17%, 79.6MB / 3.89MB, 5.56MB / 0B
[2J[HOK,7,3,810c82617bf3, sentiment-analysis.1.j4k96m4u24np4a7t1zork72q5, 100.49%, 82.39MiB / 3.703GiB, 2.17%, 79.6MB / 3.89MB, 5.56MB / 0B
[2J[HOK,7,3,810c82617bf3, sentiment-analysis.1.j4k96m4u24np4a7t1zork72q5, 100.04%, 88.88MiB / 3.703GiB, 2.34%, 79.6MB / 3.89MB, 5.56MB / 0B
[2J[HOK,7,3,810c82617bf3, sentiment-analysis.1.j4k96m4u24np4a7t1zork72q5, 100.04%, 88.88MiB / 3.703GiB, 2.34%, 79.6MB / 3.89MB, 5.56MB / 0B
[2J[HOK,7,3,810c82617bf3, sentiment-analysis.1.j4k96m4u24np4a7t1zork72q5, 286.06%, 104.6MiB / 3.703GiB, 2.76%, 79.6MB / 3.89MB, 5.56MB / 0B
[2J[HOK,7,3,810c82617bf3, sentiment-analysis.1.j4k96m4u24np4a7t1zork72q5, 286.06%, 104.6MiB / 3.703GiB, 2.76%, 79.6MB / 3.89MB, 5.56MB / 0B
[2J[HOK,7,3,810c82617bf3, sentiment-analysis.1.j4k96m4u24np4a7t1zork72q5, 388.92%, 181.5MiB / 3.703GiB, 4.79%, 79.6MB / 3.89MB, 5.56MB / 0B
[2J[HOK,7,3,810c82617bf3, sentiment-analysis.1.j4k96m4u24np4a7t1zork72q5, 388.92%, 181.5MiB / 3.703GiB, 4.79%, 79.6MB / 3.89MB, 5.56MB / 0B
[2J[HOK,7,3,810c82617bf3, sentiment-analysis.1.j4k96m4u24np4a7t1zork72q5, 392.39%, 240.7MiB / 3.703GiB, 6.35%, 80.1MB / 3.91MB, 5.56MB / 0B
[2J[HOK,7,3,810c82617bf3, sentiment-analysis.1.j4k96m4u24np4a7t1zork72q5, 392.39%, 240.7MiB / 3.703GiB, 6.35%, 80.1MB / 3.91MB, 5.56MB / 0B
[2J[HOK,7,3,810c82617bf3, sentiment-analysis.1.j4k96m4u24np4a7t1zork72q5, 393.55%, 267.4MiB / 3.703GiB, 7.05%, 80.1MB / 3.91MB, 5.56MB / 0B
[2J[HOK,7,3,810c82617bf3, sentiment-analysis.1.j4k96m4u24np4a7t1zork72q5, 393.55%, 267.4MiB / 3.703GiB, 7.05%, 80.1MB / 3.91MB, 5.56MB / 0B
[2J[HOK,7,3,810c82617bf3, sentiment-analysis.1.j4k96m4u24np4a7t1zork72q5, 363.40%, 305.9MiB / 3.703GiB, 8.07%, 80.1MB / 3.91MB, 5.56MB / 0B
[2J[HOK,7,3,810c82617bf3, sentiment-analysis.1.j4k96m4u24np4a7t1zork72q5, 363.40%, 305.9MiB / 3.703GiB, 8.07%, 80.1MB / 3.91MB, 5.56MB / 0B
[2J[HOK,7,3,810c82617bf3, sentiment-analysis.1.j4k96m4u24np4a7t1zork72q5, 393.66%, 317.4MiB / 3.703GiB, 8.37%, 80.1MB / 3.91MB, 5.56MB / 0B
[2J[HOK,7,3,810c82617bf3, sentiment-analysis.1.j4k96m4u24np4a7t1zork72q5, 393.66%, 317.4MiB / 3.703GiB, 8.37%, 80.1MB / 3.91MB, 5.56MB / 0B
[2J[HOK,7,3,810c82617bf3, sentiment-analysis.1.j4k96m4u24np4a7t1zork72q5, 395.83%, 339.4MiB / 3.703GiB, 8.95%, 80.1MB / 3.91MB, 5.56MB / 0B
[2J[HOK,7,3,810c82617bf3, sentiment-analysis.1.j4k96m4u24np4a7t1zork72q5, 395.83%, 339.4MiB / 3.703GiB, 8.95%, 80.1MB / 3.91MB, 5.56MB / 0B
[2J[HOK,7,3,810c82617bf3, sentiment-analysis.1.j4k96m4u24np4a7t1zork72q5, 376.28%, 359.8MiB / 3.703GiB, 9.49%, 80.1MB / 3.91MB, 5.56MB / 0B
[2J[HOK,7,3,810c82617bf3, sentiment-analysis.1.j4k96m4u24np4a7t1zork72q5, 376.28%, 359.8MiB / 3.703GiB, 9.49%, 80.1MB / 3.91MB, 5.56MB / 0B
[2J[HOK,7,3,810c82617bf3, sentiment-analysis.1.j4k96m4u24np4a7t1zork72q5, 390.12%, 379.1MiB / 3.703GiB, 10.00%, 80.1MB / 3.91MB, 5.56MB / 0B
[2J[HOK,7,3,810c82617bf3, sentiment-analysis.1.j4k96m4u24np4a7t1zork72q5, 390.12%, 379.1MiB / 3.703GiB, 10.00%, 80.1MB / 3.91MB, 5.56MB / 0B
[2J[HOK,7,3,810c82617bf3, sentiment-analysis.1.j4k96m4u24np4a7t1zork72q5, 392.80%, 400.4MiB / 3.703GiB, 10.56%, 80.1MB / 3.91MB, 5.56MB / 0B
[2J[HOK,7,3,810c82617bf3, sentiment-analysis.1.j4k96m4u24np4a7t1zork72q5, 392.80%, 400.4MiB / 3.703GiB, 10.56%, 80.1MB / 3.91MB, 5.56MB / 0B
[2J[HOK,7,3,810c82617bf3, sentiment-analysis.1.j4k96m4u24np4a7t1zork72q5, 376.41%, 425.6MiB / 3.703GiB, 11.23%, 80.1MB / 3.91MB, 5.56MB / 0B
[2J[HOK,7,3,810c82617bf3, sentiment-analysis.1.j4k96m4u24np4a7t1zork72q5, 376.41%, 425.6MiB / 3.703GiB, 11.23%, 80.1MB / 3.91MB, 5.56MB / 0B
[2J[HOK,7,3,810c82617bf3, sentiment-analysis.1.j4k96m4u24np4a7t1zork72q5, 379.21%, 426MiB / 3.703GiB, 11.24%, 80.1MB / 3.91MB, 5.56MB / 0B
[2J[HOK,7,3,810c82617bf3, sentiment-analysis.1.j4k96m4u24np4a7t1zork72q5, 379.21%, 426MiB / 3.703GiB, 11.24%, 80.1MB / 3.91MB, 5.56MB / 0B
[2J[HOK,7,3,810c82617bf3, sentiment-analysis.1.j4k96m4u24np4a7t1zork72q5, 384.57%, 281.8MiB / 3.703GiB, 7.43%, 80.1MB / 3.91MB, 5.56MB / 0B
[2J[HOK,7,3,810c82617bf3, sentiment-analysis.1.j4k96m4u24np4a7t1zork72q5, 384.57%, 281.8MiB / 3.703GiB, 7.43%, 80.1MB / 3.91MB, 5.56MB / 0B
[2J[HOK,7,3,810c82617bf3, sentiment-analysis.1.j4k96m4u24np4a7t1zork72q5, 380.07%, 243.1MiB / 3.703GiB, 6.41%, 80.1MB / 3.91MB, 5.56MB / 0B
[2J[HOK,7,3,810c82617bf3, sentiment-analysis.1.j4k96m4u24np4a7t1zork72q5, 380.07%, 243.1MiB / 3.703GiB, 6.41%, 80.1MB / 3.91MB, 5.56MB / 0B
[2J[HOK,7,3,810c82617bf3, sentiment-analysis.1.j4k96m4u24np4a7t1zork72q5, 319.74%, 114.9MiB / 3.703GiB, 3.03%, 80.2MB / 3.92MB, 5.56MB / 0B
[2J[HOK,7,3,810c82617bf3, sentiment-analysis.1.j4k96m4u24np4a7t1zork72q5, 319.74%, 114.9MiB / 3.703GiB, 3.03%, 80.2MB / 3.92MB, 5.56MB / 0B
[2J[HOK,7,3,810c82617bf3, sentiment-analysis.1.j4k96m4u24np4a7t1zork72q5, 291.90%, 141.9MiB / 3.703GiB, 3.74%, 80.3MB / 3.93MB, 5.56MB / 0B
[2J[HOK,7,3,810c82617bf3, sentiment-analysis.1.j4k96m4u24np4a7t1zork72q5, 291.90%, 141.9MiB / 3.703GiB, 3.74%, 80.3MB / 3.93MB, 5.56MB / 0B
[2J[HOK,7,3,810c82617bf3, sentiment-analysis.1.j4k96m4u24np4a7t1zork72q5, 301.34%, 158.5MiB / 3.703GiB, 4.18%, 80.3MB / 3.93MB, 5.56MB / 0B
[2J[HOK,7,3,810c82617bf3, sentiment-analysis.1.j4k96m4u24np4a7t1zork72q5, 301.34%, 158.5MiB / 3.703GiB, 4.18%, 80.3MB / 3.93MB, 5.56MB / 0B
[2J[HOK,7,3,810c82617bf3, sentiment-analysis.1.j4k96m4u24np4a7t1zork72q5, 304.38%, 175.2MiB / 3.703GiB, 4.62%, 80.3MB / 3.93MB, 5.56MB / 0B
[2J[HOK,7,3,810c82617bf3, sentiment-analysis.1.j4k96m4u24np4a7t1zork72q5, 304.38%, 175.2MiB / 3.703GiB, 4.62%, 80.3MB / 3.93MB, 5.56MB / 0B
[2J[HOK,7,3,810c82617bf3, sentiment-analysis.1.j4k96m4u24np4a7t1zork72q5, 302.61%, 194.3MiB / 3.703GiB, 5.13%, 80.3MB / 3.93MB, 5.56MB / 0B
[2J[HOK,7,3,810c82617bf3, sentiment-analysis.1.j4k96m4u24np4a7t1zork72q5, 302.61%, 194.3MiB / 3.703GiB, 5.13%, 80.3MB / 3.93MB, 5.56MB / 0B
[2J[HOK,7,3,810c82617bf3, sentiment-analysis.1.j4k96m4u24np4a7t1zork72q5, 374.33%, 231.4MiB / 3.703GiB, 6.10%, 80.3MB / 3.93MB, 5.56MB / 0B
[2J[HOK,7,3,810c82617bf3, sentiment-analysis.1.j4k96m4u24np4a7t1zork72q5, 374.33%, 231.4MiB / 3.703GiB, 6.10%, 80.3MB / 3.93MB, 5.56MB / 0B
[2J[HOK,7,3,810c82617bf3, sentiment-analysis.1.j4k96m4u24np4a7t1zork72q5, 374.33%, 231.4MiB / 3.703GiB, 6.10%, 80.3MB / 3.93MB, 5.56MB / 0B
[2J[HOK,7,3,810c82617bf3, sentiment-analysis.1.j4k96m4u24np4a7t1zork72q5, 360.47%, 159.4MiB / 3.703GiB, 4.20%, 80.3MB / 3.93MB, 5.56MB / 0B
[2J[HOK,7,3,810c82617bf3, sentiment-analysis.1.j4k96m4u24np4a7t1zork72q5, 360.47%, 159.4MiB / 3.703GiB, 4.20%, 80.3MB / 3.93MB, 5.56MB / 0B
[2J[HOK,7,3,810c82617bf3, sentiment-analysis.1.j4k96m4u24np4a7t1zork72q5, 388.68%, 169.5MiB / 3.703GiB, 4.47%, 80.3MB / 3.93MB, 5.56MB / 0B
[2J[HOK,7,3,810c82617bf3, sentiment-analysis.1.j4k96m4u24np4a7t1zork72q5, 388.68%, 169.5MiB / 3.703GiB, 4.47%, 80.3MB / 3.93MB, 5.56MB / 0B
[2J[HOK,7,3,810c82617bf3, sentiment-analysis.1.j4k96m4u24np4a7t1zork72q5, 398.10%, 232.1MiB / 3.703GiB, 6.12%, 80.6MB / 3.94MB, 5.56MB / 0B
[2J[HOK,7,3,810c82617bf3, sentiment-analysis.1.j4k96m4u24np4a7t1zork72q5, 398.10%, 232.1MiB / 3.703GiB, 6.12%, 80.6MB / 3.94MB, 5.56MB / 0B
[2J[HOK,7,3,810c82617bf3, sentiment-analysis.1.j4k96m4u24np4a7t1zork72q5, 376.87%, 265.1MiB / 3.703GiB, 6.99%, 80.7MB / 3.95MB, 5.56MB / 0B
[2J[HOK,7,3,810c82617bf3, sentiment-analysis.1.j4k96m4u24np4a7t1zork72q5, 376.87%, 265.1MiB / 3.703GiB, 6.99%, 80.7MB / 3.95MB, 5.56MB / 0B
[2J[HOK,7,3,810c82617bf3, sentiment-analysis.1.j4k96m4u24np4a7t1zork72q5, 386.09%, 291.9MiB / 3.703GiB, 7.70%, 80.7MB / 3.95MB, 5.56MB / 0B
[2J[HOK,7,3,810c82617bf3, sentiment-analysis.1.j4k96m4u24np4a7t1zork72q5, 386.09%, 291.9MiB / 3.703GiB, 7.70%, 80.7MB / 3.95MB, 5.56MB / 0B
[2J[HOK,7,3,810c82617bf3, sentiment-analysis.1.j4k96m4u24np4a7t1zork72q5, 396.06%, 315.6MiB / 3.703GiB, 8.32%, 80.7MB / 3.95MB, 5.56MB / 0B
[2J[HOK,7,3,810c82617bf3, sentiment-analysis.1.j4k96m4u24np4a7t1zork72q5, 396.06%, 315.6MiB / 3.703GiB, 8.32%, 80.7MB / 3.95MB, 5.56MB / 0B
[2J[HOK,7,3,810c82617bf3, sentiment-analysis.1.j4k96m4u24np4a7t1zork72q5, 395.88%, 336.7MiB / 3.703GiB, 8.88%, 80.7MB / 3.95MB, 5.56MB / 0B
[2J[HOK,7,3,810c82617bf3, sentiment-analysis.1.j4k96m4u24np4a7t1zork72q5, 395.88%, 336.7MiB / 3.703GiB, 8.88%, 80.7MB / 3.95MB, 5.56MB / 0B
[2J[HOK,7,3,810c82617bf3, sentiment-analysis.1.j4k96m4u24np4a7t1zork72q5, 369.48%, 356.3MiB / 3.703GiB, 9.40%, 80.7MB / 3.95MB, 5.56MB / 0B
[2J[HOK,7,3,810c82617bf3, sentiment-analysis.1.j4k96m4u24np4a7t1zork72q5, 369.48%, 356.3MiB / 3.703GiB, 9.40%, 80.7MB / 3.95MB, 5.56MB / 0B
[2J[HOK,7,3,810c82617bf3, sentiment-analysis.1.j4k96m4u24np4a7t1zork72q5, 394.47%, 377.1MiB / 3.703GiB, 9.95%, 80.7MB / 3.95MB, 5.56MB / 0B
[2J[HOK,7,3,810c82617bf3, sentiment-analysis.1.j4k96m4u24np4a7t1zork72q5, 394.47%, 377.1MiB / 3.703GiB, 9.95%, 80.7MB / 3.95MB, 5.56MB / 0B
[2J[HOK,7,3,810c82617bf3, sentiment-analysis.1.j4k96m4u24np4a7t1zork72q5, 386.26%, 397.2MiB / 3.703GiB, 10.48%, 80.7MB / 3.95MB, 5.56MB / 0B
[2J[HOK,7,3,810c82617bf3, sentiment-analysis.1.j4k96m4u24np4a7t1zork72q5, 386.26%, 397.2MiB / 3.703GiB, 10.48%, 80.7MB / 3.95MB, 5.56MB / 0B
[2J[HOK,7,3,810c82617bf3, sentiment-analysis.1.j4k96m4u24np4a7t1zork72q5, 378.03%, 420.7MiB / 3.703GiB, 11.10%, 80.7MB / 3.95MB, 5.56MB / 0B
[2J[HOK,7,3,810c82617bf3, sentiment-analysis.1.j4k96m4u24np4a7t1zork72q5, 378.03%, 420.7MiB / 3.703GiB, 11.10%, 80.7MB / 3.95MB, 5.56MB / 0B
[2J[HOK,7,3,810c82617bf3, sentiment-analysis.1.j4k96m4u24np4a7t1zork72q5, 384.54%, 443MiB / 3.703GiB, 11.68%, 80.7MB / 3.95MB, 5.56MB / 0B
[2J[HOK,7,3,810c82617bf3, sentiment-analysis.1.j4k96m4u24np4a7t1zork72q5, 384.54%, 443MiB / 3.703GiB, 11.68%, 80.7MB / 3.95MB, 5.56MB / 0B
[2J[HOK,7,3,810c82617bf3, sentiment-analysis.1.j4k96m4u24np4a7t1zork72q5, 384.13%, 338.1MiB / 3.703GiB, 8.92%, 80.7MB / 3.95MB, 5.56MB / 0B
[2J[HOK,7,3,810c82617bf3, sentiment-analysis.1.j4k96m4u24np4a7t1zork72q5, 384.13%, 338.1MiB / 3.703GiB, 8.92%, 80.7MB / 3.95MB, 5.56MB / 0B
[2J[HOK,7,3,810c82617bf3, sentiment-analysis.1.j4k96m4u24np4a7t1zork72q5, 365.25%, 183.8MiB / 3.703GiB, 4.85%, 80.7MB / 3.95MB, 5.56MB / 0B
[2J[HOK,7,3,810c82617bf3, sentiment-analysis.1.j4k96m4u24np4a7t1zork72q5, 365.25%, 183.8MiB / 3.703GiB, 4.85%, 80.7MB / 3.95MB, 5.56MB / 0B
[2J[HOK,7,3,810c82617bf3, sentiment-analysis.1.j4k96m4u24np4a7t1zork72q5, 269.27%, 90.74MiB / 3.703GiB, 2.39%, 80.9MB / 3.96MB, 5.56MB / 0B
[2J[HOK,7,3,810c82617bf3, sentiment-analysis.1.j4k96m4u24np4a7t1zork72q5, 269.27%, 90.74MiB / 3.703GiB, 2.39%, 80.9MB / 3.96MB, 5.56MB / 0B
[2J[HOK,7,3,810c82617bf3, sentiment-analysis.1.j4k96m4u24np4a7t1zork72q5, 200.98%, 107.8MiB / 3.703GiB, 2.84%, 80.9MB / 3.96MB, 5.56MB / 0B
[2J[HOK,7,3,810c82617bf3, sentiment-analysis.1.j4k96m4u24np4a7t1zork72q5, 200.98%, 107.8MiB / 3.703GiB, 2.84%, 80.9MB / 3.96MB, 5.56MB / 0B
[2J[HOK,7,3,810c82617bf3, sentiment-analysis.1.j4k96m4u24np4a7t1zork72q5, 199.58%, 118.8MiB / 3.703GiB, 3.13%, 80.9MB / 3.96MB, 5.56MB / 0B
[2J[HOK,7,3,810c82617bf3, sentiment-analysis.1.j4k96m4u24np4a7t1zork72q5, 199.58%, 118.8MiB / 3.703GiB, 3.13%, 80.9MB / 3.96MB, 5.56MB / 0B
[2J[HOK,7,3,810c82617bf3, sentiment-analysis.1.j4k96m4u24np4a7t1zork72q5, 206.83%, 131.2MiB / 3.703GiB, 3.46%, 80.9MB / 3.96MB, 5.56MB / 0B
[2J[HOK,7,3,810c82617bf3, sentiment-analysis.1.j4k96m4u24np4a7t1zork72q5, 206.83%, 131.2MiB / 3.703GiB, 3.46%, 80.9MB / 3.96MB, 5.56MB / 0B
[2J[HOK,7,3,810c82617bf3, sentiment-analysis.1.j4k96m4u24np4a7t1zork72q5, 195.46%, 146.8MiB / 3.703GiB, 3.87%, 80.9MB / 3.96MB, 5.56MB / 0B
[2J[HOK,7,3,810c82617bf3, sentiment-analysis.1.j4k96m4u24np4a7t1zork72q5, 195.46%, 146.8MiB / 3.703GiB, 3.87%, 80.9MB / 3.96MB, 5.56MB / 0B
